Timestamp,Does using the following make it a non-default setup? [Arrangement of Panels],Does using the following make it a non-default setup? [Browser Theme],Does using the following make it a non-default setup? [Conky],Does using the following make it a non-default setup? [Docks],Does using the following make it a non-default setup? [Editor Config],Have you ever seen a default setup?,Does using the following make it a non-default setup? [Font],Does using the following make it a non-default setup? [GNOME Extensions],Does using the following make it a non-default setup? [GTK/Qt Theme],Does using the following make it a non-default setup? [Icon Theme],Should we add sr.ht to to approved hosts list?,"If no, why?",Any other questions/comments?,Does using the following make it a non-default setup? [Launcher Icon],Does using the following make it a non-default setup? [Shell],Does using the following make it a non-default setup? [Terminal Colour-scheme ],Does using the following make it a non-default setup? [Wallpapers],Does using the following make it a non-default setup? [WM Config],Does using the following make it a non-default setup? [Row 8],,Have you ever... [Yes and reported it],Have you ever... [Yes but didn't report it],Have you ever... [No],Changing the wallpaper?,Using Conky?
18/08/2015 18:29:54,Only if custom,Only if custom,Yes,No,Yes,"Yes, but didn't report it",Yes,I don't know,Only if custom,Only if custom,Yes,,,Only if custom,Yes,Yes,I don't know,Yes,,,,,,,
18/08/2015 18:24:16,Yes,No,No,No,Yes,"Yes, and reported it",Yes,Only if custom,Yes,Yes,I don't know,,,Only if custom,Yes,Yes,No,Yes,,,,,,,
18/08/2015 18:42:26,Yes,Only if custom,Only if custom,Yes,Yes,"Yes, but didn't report it",Yes,Only if custom,Only if custom,Only if custom,I don't know,i've tried to join multiple times and no one has approved. i'd say hosts should be open signups only.,"another factor is using other people configs, e.g. the copycat-killer awesomewm themes. if you just clone and install a theme that's the same as a ""default"" in my opinion. if you take that and tweak it to your setup, that's different. ",Only if custom,Yes,Yes,Yes,Yes,,,,,,,
18/08/2015 18:42:48,Yes,No,Yes,Yes,Yes,I don't know,No,Yes,Yes,Yes,I don't know,,,Yes,Yes,Yes,No,Yes,,,,,,,
18/08/2015 18:43:55,No,I don't know,Yes,No,Only if custom,"Yes, but didn't report it",No,I don't know,Yes,Yes,Yes,,"If 'Launcher Icon' refers to the icon in a lxde/xfce/kde panel, then 'no' if the only change is that.",I don't know,Yes,Yes,No,Yes,,,,,,,
18/08/2015 18:44:43,Yes,Yes,Yes,Yes,Yes,I don't know,Yes,Yes,Yes,Yes,Yes,,,Yes,Yes,Yes,Only if custom,Yes,,,,,,,
18/08/2015 18:45:40,No,No,I don't know,I don't know,I don't know,No,No,Only if custom,Yes,Yes,I don't know,,,No,Yes,Yes,Yes,I don't know,,,,,,,
18/08/2015 18:46:56,Only if custom,No,Only if custom,Only if custom,Only if custom,"Yes, and reported it",No,Yes,Yes,No,Yes,,,No,No,Yes,No,Yes,,,,,,,
18/08/2015 18:55:59,I don't know,No,Only if custom,Only if custom,Only if custom,I don't know,I don't know,I don't know,I don't know,I don't know,Yes,,,I don't know,Yes,Yes,Yes,Yes,,,,,,,
18/08/2015 19:01:30,Only if custom,Only if custom,Only if custom,Only if custom,Only if custom,"Yes, but didn't report it",Only if custom,Only if custom,Only if custom,Only if custom,Yes,,,Only if custom,Only if custom,Only if custom,Only if custom,Only if custom,,,,,,,
18/08/2015 19:08:49,No,No,Yes,Yes,Yes,No,Yes,Yes,Yes,Yes,I don't know,,,Yes,Yes,Yes,Yes,Yes,,,,,,,
18/08/2015 19:09:48,No,Only if custom,Only if custom,No,Yes,"Yes, but didn't report it",No,No,No,No,Yes,,,No,No,No,No,Yes,,,,,,,
18/08/2015 19:10:03,Only if custom,Only if custom,I don't know,I don't know,Yes,No,No,Yes,Yes,Yes,Yes,,,Yes,Yes,Yes,Yes,Yes,,,,,,,
18/08/2015 19:10:15,Only if custom,Only if custom,Only if custom,Only if custom,Only if custom,"Yes, but didn't report it",No,Only if custom,No,No,Yes,,,No,No,I don't know,No,Only if custom,,,,,,,
18/08/2015 19:13:17,Only if custom,No,Yes,No,Yes,"Yes, but didn't report it",No,Yes,No,No,I don't know,,,No,Yes,Yes,No,Yes,,,,,,,
18/08/2015 19:13:19,No,No,Yes,No,No,"Yes, but didn't report it",No,No,Yes,Yes,Yes,,,Yes,Yes,No,Yes,Yes,,,,,,,
18/08/2015 19:16:31,Yes,Yes,Only if custom,Only if custom,No,"Yes, but didn't report it",No,I don't know,Yes,Yes,Yes,,,Only if custom,No,No,Only if custom,No,,,,,,,
18/08/2015 19:17:43,Yes,Yes,Yes,Yes,Yes,I don't know,Yes,Yes,Yes,Yes,Yes,,,Yes,Yes,Yes,Yes,Yes,,,,,,,
18/08/2015 19:18:30,No,Only if custom,No,Only if custom,Only if custom,No,Only if custom,Only if custom,Yes,Yes,Yes,,"You guys are some of the most active mods in terms of trying to keep the sub current to people's wants and needs. Although this sub isn't the most popular, it's always a good time to see what people are doing. Keep it up!",Only if custom,Only if custom,Only if custom,No,Only if custom,,,,,,,
18/08/2015 19:22:41,No,No,No,No,Only if custom,"Yes, but didn't report it",No,No,Only if custom,Only if custom,I don't know,,,Only if custom,Only if custom,Only if custom,No,Only if custom,,,,,,,
18/08/2015 19:26:36,Yes,Only if custom,Only if custom,Only if custom,Yes,"Yes, and reported it",No,Yes,Yes,Yes,I don't know,,,No,Yes,Yes,No,Yes,,,,,,,
18/08/2015 19:34:59,Yes,Yes,Yes,Yes,Yes,"Yes, but didn't report it",Only if custom,Yes,Yes,Yes,Yes,,,Yes,Yes,Yes,Only if custom,Yes,,,,,,,
18/08/2015 19:42:15,Only if custom,Only if custom,Yes,Yes,Yes,"Yes, and reported it",No,No,No,Only if custom,I don't know,,,Yes,Yes,Only if custom,No,Yes,,,,,,,
18/08/2015 19:44:03,No,Only if custom,Only if custom,Only if custom,Yes,"Yes, but didn't report it",Only if custom,Only if custom,Only if custom,Only if custom,I don't know,,,Only if custom,Yes,Yes,Only if custom,Yes,,,,,,,
18/08/2015 19:44:39,Yes,No,Yes,Yes,Yes,"Yes, but didn't report it",Yes,Yes,Yes,Yes,Yes,,,Yes,Yes,Yes,No,Yes,,,,,,,
18/08/2015 19:45:51,I don't know,I don't know,I don't know,I don't know,I don't know,I don't know,I don't know,I don't know,I don't know,I don't know,Yes,,,I don't know,I don't know,I don't know,I don't know,I don't know,,,,,,,
18/08/2015 19:46:07,Only if custom,No,Yes,Yes,Yes,"Yes, but didn't report it",Yes,Yes,Yes,Yes,Yes,,,Yes,Yes,Yes,No,Yes,,,,,,,
18/08/2015 19:46:09,Only if custom,No,Only if custom,Only if custom,Only if custom,"Yes, and reported it",No,No,Only if custom,Only if custom,Yes,,,Only if custom,Only if custom,Yes,Yes,Yes,,,,,,,
18/08/2015 19:47:31,No,Only if custom,I don't know,I don't know,I don't know,I don't know,I don't know,I don't know,No,No,Yes,,,No,No,No,No,No,,,,,,,
18/08/2015 19:47:56,Only if custom,Only if custom,Only if custom,Only if custom,Only if custom,No,Only if custom,Only if custom,Only if custom,Only if custom,I don't know,,,Only if custom,Only if custom,Only if custom,Only if custom,Only if custom,,,,,,,
18/08/2015 19:47:57,Yes,Yes,Yes,Yes,Yes,No,Yes,Yes,Yes,Yes,Yes,,,Yes,Yes,Yes,Yes,Yes,,,,,,,
18/08/2015 19:49:48,Yes,No,Only if custom,Yes,Yes,I don't know,Yes,I don't know,Yes,No,Yes,,,No,Yes,Only if custom,No,Yes,,,,,,,
18/08/2015 19:49:52,Only if custom,Only if custom,Yes,I don't know,Yes,"Yes, but didn't report it",Only if custom,Yes,Only if custom,Yes,I don't know,,,Yes,Yes,No,No,Yes,,,,,,,
18/08/2015 19:59:03,Only if custom,Yes,I don't know,I don't know,Yes,"Yes, but didn't report it",Yes,No,Yes,I don't know,No,Accounts cannot be made freely,,No,No,Yes,Yes,Yes,,,,,,,
18/08/2015 19:59:57,Only if custom,Only if custom,Yes,Yes,Yes,I don't know,Yes,Yes,Only if custom,Only if custom,I don't know,,,Only if custom,Only if custom,Only if custom,Only if custom,Only if custom,,,,,,,
18/08/2015 20:00:36,No,No,Yes,Only if custom,I don't know,No,No,No,Only if custom,Yes,No,whats wrong with imgur?,,No,Only if custom,Yes,No,Yes,,,,,,,
18/08/2015 20:01:07,No,No,Yes,No,I don't know,No,I don't know,Yes,Yes,Yes,I don't know,,,I don't know,I don't know,I don't know,No,Yes,,,,,,,
18/08/2015 20:02:01,I don't know,No,Only if custom,Yes,Only if custom,"Yes, but didn't report it",No,Yes,Yes,Yes,I don't know,,,I don't know,Yes,Only if custom,No,Yes,,,,,,,
18/08/2015 20:07:28,Only if custom,Only if custom,Only if custom,No,Only if custom,"Yes, but didn't report it",No,Yes,Yes,Yes,Yes,,,Yes,Yes,Only if custom,No,Yes,,,,,,,
18/08/2015 20:07:45,Only if custom,Yes,Yes,Only if custom,No,"Yes, but didn't report it",No,No,Only if custom,Only if custom,No,Same reason smaller hosts should be banned: they might go away in 2 years and older posts will be worthless.,,No,Only if custom,Yes,No,Yes,,,,,,,
18/08/2015 20:09:44,No,Yes,No,No,Yes,I don't know,Yes,No,No,No,Yes,,,No,Yes,Yes,No,Yes,,,,,,,
18/08/2015 20:09:49,Yes,No,Only if custom,Only if custom,No,"Yes, and reported it",No,Only if custom,Only if custom,Only if custom,No,Because it's small and might go down like pomf did,"Have Automod remove all GNOME and Unity posts be default because they are almost always a default setup (default being changed theme, icons, and wallpaper with docky added). Automod should also PM the user asking them to contact the moderators on the off-chance that their post isn't a default setup.",No,No,No,No,Yes,,,,,,,
18/08/2015 20:13:30,I don't know,Only if custom,Only if custom,No,I don't know,I don't know,No,Yes,Yes,Yes,Yes,,Some of the fields are a tad vague.,Yes,No,Only if custom,No,Yes,,,,,,,
18/08/2015 20:13:43,Only if custom,No,Yes,Yes,Yes,"Yes, but didn't report it",Yes,Yes,Yes,Yes,No,imgur and gyfcat are fine,,Yes,Yes,Only if custom,Only if custom,Yes,,,,,,,
18/08/2015 20:15:38,Only if custom,No,Yes,Yes,Yes,"Yes, and reported it",No,I don't know,Yes,Yes,Yes,,,Yes,Yes,Yes,No,Yes,,,,,,,
18/08/2015 20:16:13,I don't know,I don't know,Yes,Yes,Yes,I don't know,Yes,Yes,Yes,Yes,I don't know,,,Yes,Yes,Yes,Yes,Yes,,,,,,,
18/08/2015 20:17:07,Yes,Yes,Yes,Yes,No,No,No,No,Yes,Yes,Yes,,,No,Yes,Only if custom,Yes,Yes,,,,,,,
18/08/2015 20:20:06,No,No,Yes,Yes,Yes,"Yes, but didn't report it",Yes,Yes,Yes,Yes,Yes,,"Just thanks for the good work you do, moderators.",No,No,No,No,Yes,,,,,,,
18/08/2015 20:25:32,No,Only if custom,Yes,No,Yes,"Yes, but didn't report it",I don't know,No,Yes,Yes,Yes,,,No,Yes,Only if custom,No,Yes,,,,,,,
18/08/2015 20:27:11,Only if custom,Yes,Yes,Only if custom,I don't know,No,Only if custom,Yes,Yes,Yes,I don't know,Imgur is probably more reliable and less likely to disappear in a few months,,Yes,Yes,Yes,No,No,,,,,,,
18/08/2015 20:31:28,Yes,Yes,Yes,Yes,Yes,I don't know,Yes,Yes,Yes,Yes,Yes,,,Yes,Yes,Yes,Yes,Yes,,,,,,,
18/08/2015 20:33:41,I don't know,I don't know,I don't know,I don't know,I don't know,I don't know,I don't know,I don't know,I don't know,I don't know,No,anime bullshit on the main page,,I don't know,I don't know,I don't know,I don't know,I don't know,,,,,,,
18/08/2015 20:45:57,No,No,Only if custom,Only if custom,No,I don't know,No,Yes,Yes,Yes,I don't know,,,No,No,Only if custom,Only if custom,Yes,,,,,,,
18/08/2015 20:47:53,No,I don't know,No,Yes,Only if custom,No,Yes,Yes,Yes,I don't know,No,I don't know how RES is going to react to its links.,,I don't know,Yes,Yes,No,Only if custom,,,,,,,
18/08/2015 20:48:55,Only if custom,No,Yes,Only if custom,No,No,No,Yes,Yes,Yes,Yes,,,Only if custom,Only if custom,Only if custom,No,Only if custom,,,,,,,
18/08/2015 20:49:16,I don't know,Yes,Yes,Only if custom,Yes,"Yes, but didn't report it",Yes,Yes,I don't know,Yes,I don't know,,,No,Only if custom,Only if custom,No,Yes,,,,,,,
18/08/2015 20:49:38,Only if custom,No,Yes,Yes,Yes,I don't know,No,No,Yes,Yes,I don't know,,,Yes,Yes,Yes,No,Yes,,,,,,,
18/08/2015 20:52:00,Only if custom,Yes,Yes,Only if custom,Only if custom,"Yes, but didn't report it",No,Yes,Yes,Yes,I don't know,,,Only if custom,Only if custom,Yes,Yes,Only if custom,,,,,,,
18/08/2015 20:54:53,Yes,No,Yes,Yes,Yes,"Yes, but didn't report it",Yes,Yes,Yes,No,No,It should not ask for your email. How do I know the admin won't sell a big emails list one day or another?,,No,No,Yes,No,Yes,,,,,,,
18/08/2015 20:57:50,I don't know,Yes,Only if custom,Only if custom,Yes,"Yes, but didn't report it",Yes,No,Only if custom,Yes,Yes,,,I don't know,Yes,Only if custom,No,Only if custom,,,,,,,
18/08/2015 20:58:51,Only if custom,No,Only if custom,Only if custom,Yes,"Yes, but didn't report it",No,No,Only if custom,No,I don't know,,,No,No,Only if custom,Yes,Yes,,,,,,,
18/08/2015 21:01:38,Yes,Yes,Yes,Yes,Yes,No,Yes,Yes,Yes,Yes,Yes,,,Yes,Yes,Yes,Yes,Yes,,,,,,,
18/08/2015 21:02:04,Only if custom,No,Yes,Yes,No,I don't know,No,Yes,Yes,Yes,Yes,,,Yes,Yes,Yes,Yes,Yes,,,,,,,
18/08/2015 21:03:13,Only if custom,No,No,No,Only if custom,No,Yes,Yes,Yes,No,Yes,,,Yes,Only if custom,I don't know,No,No,,,,,,,
18/08/2015 21:04:09,Only if custom,Only if custom,Yes,Only if custom,Yes,No,Yes,Only if custom,Yes,Only if custom,No,requires an account and it to be approved by the administrator. Way too much hassle for image hosting imho,,Only if custom,Yes,Yes,No,Yes,,,,,,,
18/08/2015 21:15:41,No,Yes,Yes,Yes,Yes,"Yes, but didn't report it",Yes,Yes,Yes,Yes,No,Open up registrations and my answer is yes.,,Yes,Yes,Yes,No,Yes,,,,,,,
18/08/2015 21:20:14,Only if custom,No,Yes,Yes,Yes,I don't know,No,Yes,Yes,Yes,Yes,,,Yes,Yes,Yes,No,Yes,,,,,,,
18/08/2015 21:20:23,Only if custom,No,Only if custom,Only if custom,No,"Yes, but didn't report it",No,Yes,Yes,Yes,I don't know,,,Yes,Yes,Only if custom,Only if custom,Yes,,,,,,,
18/08/2015 21:21:07,Yes,Only if custom,Yes,Only if custom,No,No,No,I don't know,Yes,Yes,I don't know,,,I don't know,Only if custom,No,Yes,Yes,,,,,,,
18/08/2015 21:22:38,Yes,Yes,Yes,Yes,Yes,I don't know,Yes,No,Yes,Yes,Yes,,,Yes,No,No,No,No,,,,,,,
18/08/2015 21:23:11,No,No,No,No,No,"Yes, but didn't report it",No,No,No,No,No,Site will go down,,No,No,No,No,No,,,,,,,
18/08/2015 21:23:15,Only if custom,Yes,I don't know,Yes,No,I don't know,No,Only if custom,Only if custom,Only if custom,I don't know,,,Only if custom,No,No,No,Only if custom,,,,,,,
18/08/2015 21:23:30,No,No,No,No,Yes,I don't know,Yes,Yes,Yes,Yes,Yes,,,No,Yes,Yes,No,Yes,,,,,,,
18/08/2015 21:24:47,Only if custom,Only if custom,Yes,Only if custom,No,No,Only if custom,Yes,Only if custom,Only if custom,Yes,,,Only if custom,No,Only if custom,No,Only if custom,,,,,,,
18/08/2015 21:28:37,I don't know,I don't know,I don't know,I don't know,I don't know,I don't know,I don't know,I don't know,I don't know,I don't know,I don't know,,,I don't know,I don't know,I don't know,I don't know,I don't know,,,,,,,
18/08/2015 21:32:25,Yes,Yes,Yes,Yes,Yes,No,Yes,Only if custom,Only if custom,Yes,Yes,,/u/sircmpwn should allow more people to have access to his hosting site.,Yes,Yes,Yes,Yes,Yes,,,,,,,
18/08/2015 21:33:14,Only if custom,Only if custom,Yes,Only if custom,Only if custom,"Yes, but didn't report it",Only if custom,Yes,Yes,Yes,I don't know,,"I'd only accept submissions that fall mostly under ""Only if custom"" if the customizations are significant. If it's KDE just with the default panel on top rather than bottom, that's not significant enough. However, there might be other elements to the screenshot that are significantly customized so it's not an obvious or easy to filter checklist.

Related to hosts, what are your rules about personal domains? My username is evaryont & my domain evaryont.me -- so if I post a screenshot (like https://evaryont.me/scrots/example_2015.png) is that a violation?",Only if custom,Yes,Yes,No,Only if custom,,,,,,,
18/08/2015 21:33:55,Yes,Yes,No,No,Yes,"Yes, but didn't report it",No,No,Yes,Yes,Yes,,,Yes,Yes,Yes,Yes,Yes,,,,,,,
18/08/2015 21:40:16,No,Yes,Yes,Yes,Yes,I don't know,Yes,Yes,Yes,Yes,Yes,,,Yes,Yes,Yes,No,Yes,,,,,,,
18/08/2015 21:41:21,Only if custom,Only if custom,Only if custom,Only if custom,Yes,"Yes, but didn't report it",Yes,No,Yes,No,I don't know,,,No,Yes,Yes,No,Yes,,,,,,,
18/08/2015 21:43:48,Yes,Only if custom,Yes,Yes,Yes,"Yes, but didn't report it",No,I don't know,No,No,Yes,,,I don't know,No,Only if custom,No,Yes,,,,,,,
18/08/2015 21:44:45,Yes,Yes,Only if custom,Yes,Only if custom,I don't know,Yes,Yes,Only if custom,Only if custom,No,private service,,Only if custom,Yes,Only if custom,Only if custom,Yes,,,,,,,
18/08/2015 21:46:32,No,No,Only if custom,No,No,"Yes, and reported it",No,No,No,No,No,*pomf.se story*,,No,No,Yes,Yes,Yes,,,,,,,
18/08/2015 21:47:05,Only if custom,Only if custom,Yes,Yes,Yes,No,Yes,Only if custom,Yes,Yes,I don't know,,,Only if custom,Yes,Yes,No,Yes,,,,,,,
18/08/2015 21:51:34,No,Yes,Yes,Yes,Yes,No,Yes,Yes,Yes,Yes,I don't know,,,Yes,Yes,Yes,Yes,Yes,,,,,,,
18/08/2015 21:54:39,Yes,Yes,Yes,Yes,Yes,No,Yes,Yes,Yes,Yes,No,,,Yes,Yes,Yes,Yes,Yes,,,,,,,
18/08/2015 21:55:56,Yes,No,I don't know,No,No,"Yes, but didn't report it",Yes,No,No,No,I don't know,,I'd rather see non-default than default to be honest. ,No,Yes,Yes,No,Yes,,,,,,,
18/08/2015 21:58:16,Only if custom,Only if custom,Only if custom,Only if custom,Only if custom,"Yes, but didn't report it",Only if custom,Only if custom,Only if custom,Only if custom,I don't know,,,Only if custom,Only if custom,Only if custom,Only if custom,Only if custom,,,,,,,
18/08/2015 21:58:36,No,Yes,Only if custom,I don't know,I don't know,I don't know,No,Only if custom,Only if custom,No,I don't know,,,No,Only if custom,Only if custom,No,Only if custom,,,,,,,
18/08/2015 21:59:23,No,No,Yes,Yes,No,No,No,No,Yes,No,I don't know,,,No,Yes,No,No,Yes,,,,,,,
18/08/2015 21:59:46,No,Yes,Only if custom,Yes,Yes,"Yes, and reported it",Yes,I don't know,No,No,I don't know,,,No,Yes,Yes,No,Yes,,,,,,,
18/08/2015 22:15:37,No,No,Only if custom,Only if custom,No,"Yes, but didn't report it",No,I don't know,Yes,Yes,Yes,,,I don't know,Only if custom,Only if custom,Only if custom,Only if custom,,,,,,,
18/08/2015 22:16:11,Yes,Yes,Yes,Yes,Yes,"Yes, but didn't report it",I don't know,Only if custom,Yes,Yes,I don't know,,,Yes,Yes,Yes,Yes,Yes,,,,,,,
18/08/2015 22:18:45,Yes,Yes,Yes,Yes,Yes,"Yes, but didn't report it",Yes,Yes,Yes,Yes,Yes,,,No,Yes,Yes,Yes,Yes,,,,,,,
18/08/2015 22:20:39,Only if custom,No,Yes,Yes,Only if custom,"Yes, but didn't report it",Only if custom,Only if custom,Yes,Yes,I don't know,,,Yes,Only if custom,Only if custom,Only if custom,No,,,,,,,
18/08/2015 22:21:55,Yes,Yes,Yes,Yes,Yes,No,No,Yes,Yes,Yes,Yes,,,Yes,Only if custom,No,No,Yes,,,,,,,
18/08/2015 22:22:44,Only if custom,Only if custom,I don't know,Only if custom,I don't know,"Yes, and reported it",I don't know,I don't know,I don't know,I don't know,No,"I have had a history with sircmpwn, everywhere he's gone he's been banned from",,I don't know,I don't know,I don't know,I don't know,I don't know,,,,,,,
18/08/2015 22:28:52,No,No,Yes,Yes,Yes,No,Yes,Yes,Yes,Yes,I don't know,,,Yes,Yes,No,No,Yes,,,,,,,
18/08/2015 22:31:26,I don't know,No,I don't know,I don't know,I don't know,"Yes, but didn't report it",No,Yes,Yes,Yes,I don't know,,,I don't know,I don't know,Yes,No,I don't know,,,,,,,
18/08/2015 22:32:45,Yes,Yes,No,Only if custom,Yes,No,Only if custom,No,Yes,Yes,Yes,,,No,Only if custom,Only if custom,Only if custom,Yes,,,,,,,
18/08/2015 22:34:51,Only if custom,Only if custom,Only if custom,Only if custom,Only if custom,"Yes, but didn't report it",No,Only if custom,Only if custom,Only if custom,Yes,,,No,I don't know,No,No,Only if custom,,,,,,,
18/08/2015 22:35:24,Only if custom,Only if custom,Only if custom,No,Only if custom,"Yes, but didn't report it",No,No,No,No,No,"Admin Approval provides a barrier of entry. Unless turn around time was quick, people would just use the normal approved hosts.","Personally, when/if a default entry is posted, it should be up to the community to up/down vote something, I would be reluctant to impose any rules on it. 

It can be an incredibly satisfy feeling just stepping out of your comfort zone and setting up something, even if its just the defaults. People all start somewhere and like to share their accomplishments. it kind of makes/creates an elitist community.

idk, its a balance between higher quality content vs high post rates (dilution).

If it helps, maybe having screenshots of ""Defaults"" for Unity, XFCE, Gnome, KDE, etc would help the community to identify if they have a Default Setup

My 5cents :)",No,Only if custom,No,No,No,,,,,,,
18/08/2015 22:37:58,I don't know,Yes,Yes,Yes,Yes,No,Yes,Yes,Yes,Yes,Yes,,,Yes,Yes,Yes,Yes,Yes,,,,,,,
18/08/2015 22:39:09,No,Only if custom,Yes,Only if custom,Only if custom,"Yes, but didn't report it",No,Only if custom,Only if custom,Only if custom,I don't know,,"It might be better for the wiki and the subreddit to, somehow, showcase the best config files posted for softwares like WMs, conky, lemonbar and other such things.",No,Only if custom,Only if custom,No,Only if custom,,,,,,,
18/08/2015 22:41:11,No,Yes,Yes,No,Yes,No,Yes,No,Yes,Yes,Yes,,,No,Yes,Yes,No,Yes,,,,,,,
18/08/2015 22:41:27,Yes,Yes,Yes,Yes,No,I don't know,Yes,Yes,Yes,Yes,No,the guy runninf it is an asshole https://github.com/adamkdean/AutoGfy/issues/5,dont let drew in,Yes,No,No,Yes,No,,,,,,,
18/08/2015 22:41:36,No,Only if custom,Only if custom,No,Only if custom,"Yes, but didn't report it",Only if custom,Only if custom,Only if custom,Only if custom,No,,,No,Only if custom,Only if custom,No,Yes,,,,,,,
18/08/2015 22:42:52,Only if custom,Yes,Yes,Yes,Only if custom,No,I don't know,Yes,Only if custom,Only if custom,Yes,,,Yes,Yes,I don't know,No,Yes,,,,,,,
18/08/2015 22:43:06,No,No,Yes,Only if custom,No,No,Only if custom,Only if custom,Only if custom,Only if custom,Yes,,"Many things in the list would not make a non-default desktop in isolation, but if you added enough of them up then they would.",No,No,Only if custom,No,No,,,,,,,
18/08/2015 22:43:19,Yes,Only if custom,Yes,Only if custom,Yes,"Yes, but didn't report it",Yes,I don't know,Yes,Yes,Yes,,,No,No,Yes,No,Yes,,,,,,,
18/08/2015 22:47:00,No,No,Yes,No,Yes,I don't know,Yes,Yes,Yes,Yes,I don't know,,,Yes,Yes,Yes,Only if custom,Yes,,,,,,,
18/08/2015 22:47:33,Yes,Yes,Yes,Yes,Yes,"Yes, but didn't report it",No,Yes,Yes,Yes,I don't know,,,No,Yes,Yes,No,Yes,,,,,,,
18/08/2015 22:48:48,No,Yes,Yes,No,No,"Yes, but didn't report it",Yes,No,Yes,Yes,Yes,,,Yes,No,Yes,No,No,,,,,,,
18/08/2015 22:53:01,Yes,Only if custom,Only if custom,No,Yes,"Yes, but didn't report it",Only if custom,Yes,Only if custom,Only if custom,No,If it's anything like mediacrush or pomf itll be closed down in a few months,,I don't know,Yes,Yes,No,Yes,,,,,,,
18/08/2015 22:55:04,Yes,Yes,Yes,Yes,Yes,"Yes, but didn't report it",Yes,Yes,Yes,Yes,I don't know,,,Yes,Yes,Yes,No,Yes,,,,,,,
18/08/2015 22:57:15,Only if custom,No,Yes,Only if custom,Only if custom,I don't know,Only if custom,Yes,No,No,Yes,,,No,No,Yes,Yes,Yes,,,,,,,
18/08/2015 22:58:05,Only if custom,Yes,Only if custom,Yes,Only if custom,No,Only if custom,Yes,Only if custom,Only if custom,Yes,,,Yes,Yes,Yes,Yes,Yes,,,,,,,
18/08/2015 22:58:41,No,Only if custom,No,No,Only if custom,I don't know,No,No,Only if custom,Only if custom,I don't know,,,No,No,Only if custom,No,Only if custom,,,,,,,
18/08/2015 23:00:37,No,Only if custom,Only if custom,Only if custom,Yes,I don't know,No,Only if custom,Only if custom,Only if custom,Yes,,,Only if custom,Yes,Yes,Only if custom,Yes,,,,,,,
18/08/2015 23:13:19,Yes,Yes,Yes,Yes,Yes,"Yes, but didn't report it",Yes,Yes,Yes,Yes,No,imgur and gfycat are all we need,I don't care about default desktops. Just let the downloads decide. Don't add the new host though we don't need anything more than imgur and gfycat,Yes,Yes,Yes,Yes,Yes,,,,,,,
18/08/2015 23:17:00,Yes,No,Yes,Yes,I don't know,No,No,Yes,Yes,Yes,I don't know,,,No,I don't know,No,No,I don't know,,,,,,,
18/08/2015 23:17:34,Only if custom,No,Only if custom,Only if custom,Only if custom,I don't know,Only if custom,Only if custom,Yes,Yes,I don't know,,,Only if custom,Only if custom,Only if custom,Only if custom,Only if custom,,,,,,,
18/08/2015 23:20:07,Only if custom,Only if custom,Only if custom,Only if custom,Only if custom,"Yes, but didn't report it",Only if custom,Only if custom,Only if custom,Only if custom,Yes,,,Only if custom,Only if custom,Only if custom,Only if custom,Only if custom,,,,,,,
18/08/2015 23:26:39,Only if custom,Yes,Yes,Yes,Yes,"Yes, but didn't report it",Yes,Yes,Yes,Yes,Yes,,,Yes,Yes,Yes,Yes,Yes,,,,,,,
18/08/2015 23:27:15,Yes,Yes,Yes,Yes,Yes,"Yes, but didn't report it",Yes,Yes,Yes,No,I don't know,,,No,Yes,Yes,Yes,Yes,,,,,,,
18/08/2015 23:29:50,Yes,Yes,Yes,Yes,Yes,No,Yes,Yes,Yes,Yes,I don't know,,,Yes,Yes,Yes,Yes,Yes,,,,,,,
18/08/2015 23:32:04,No,No,Only if custom,Yes,Yes,"Yes, but didn't report it",Yes,Yes,Yes,No,Yes,,,No,Yes,Yes,Only if custom,Yes,,,,,,,
18/08/2015 23:32:20,I don't know,Yes,No,No,I don't know,I don't know,Yes,Yes,Yes,Yes,Yes,,,Yes,Yes,No,No,Yes,,,,,,,
18/08/2015 23:32:51,No,Only if custom,Yes,Yes,Yes,"Yes, but didn't report it",Yes,I don't know,Yes,Yes,I don't know,,,Yes,Yes,Yes,No,Yes,,,,,,,
18/08/2015 23:35:39,No,Yes,Yes,Only if custom,No,"Yes, but didn't report it",Yes,No,No,No,I don't know,,,Only if custom,No,Only if custom,No,Only if custom,,,,,,,
18/08/2015 23:37:52,Only if custom,No,Yes,No,Only if custom,"Yes, but didn't report it",Only if custom,No,No,No,Yes,,,No,Only if custom,Only if custom,No,Only if custom,,,,,,,
18/08/2015 23:38:36,I don't know,I don't know,I don't know,I don't know,I don't know,I don't know,I don't know,I don't know,I don't know,I don't know,I don't know,,,I don't know,I don't know,I don't know,I don't know,I don't know,,,,,,,
18/08/2015 23:42:10,Yes,Yes,Yes,Yes,Only if custom,No,No,Yes,Yes,Yes,I don't know,,,Only if custom,I don't know,Only if custom,No,I don't know,,,,,,,
18/08/2015 23:42:26,No,Yes,Yes,Yes,Yes,"Yes, but didn't report it",No,No,Yes,Yes,I don't know,,,Yes,Yes,Yes,No,Yes,,,,,,,
18/08/2015 23:43:06,Yes,Yes,Yes,Yes,Yes,No,Yes,Yes,Yes,Yes,Yes,,,Yes,Yes,Yes,Yes,Yes,,,,,,,
18/08/2015 23:44:08,I don't know,Yes,Only if custom,I don't know,I don't know,"Yes, but didn't report it",Only if custom,Yes,Yes,I don't know,Yes,,,I don't know,Only if custom,Only if custom,I don't know,Yes,,,,,,,
18/08/2015 23:44:45,Only if custom,Yes,Only if custom,Only if custom,Yes,"Yes, but didn't report it",No,No,Only if custom,Yes,Yes,,,No,No,Yes,Yes,Yes,,,,,,,
18/08/2015 23:55:38,No,No,Only if custom,Only if custom,Only if custom,I don't know,No,No,Only if custom,I don't know,Yes,,,I don't know,No,Only if custom,No,No,,,,,,,
18/08/2015 23:56:29,No,No,Yes,Yes,Yes,I don't know,Yes,Yes,Yes,Yes,Yes,,,Yes,No,No,Yes,Yes,,,,,,,
18/08/2015 23:57:36,I don't know,I don't know,I don't know,I don't know,I don't know,"Yes, but didn't report it",I don't know,Only if custom,I don't know,Only if custom,I don't know,,"Unfortunately, I don't think it's as simple as default or non-default. People disagree about what a default setup is because it's a scale; changing just the icon theme, on its own, would still be considered a default by many, but what about the icon theme AND the WM config? What about icons, wm, fonts and shell changes? For some, even that isn't enough. The number of changes required for a setup to be considered non-default varies from person to person, and will change over time as their tastes and the subreddit develop.
Personally, I don't care what the actual customisations are, as long as I haven't seen it many times before. It doesn't all have to be OC, but most people like variety, and near-default setups are the most popular among new users. I can't think of an easy way to fix this, but continuing to educate the community will help. If everyone looked at what others are posting and avoided posting similar setups, I think these problems would go away.
Basically, take my responses this survey with a (large) grain of salt. No single item on that list will make me consider a setup non-default.",No,Yes,I don't know,No,Yes,,,,,,,
19/08/2015 00:02:19,Only if custom,Only if custom,Only if custom,Only if custom,Yes,"Yes, but didn't report it",No,Only if custom,Only if custom,Only if custom,I don't know,,,Only if custom,Only if custom,Yes,No,Yes,,,,,,,
19/08/2015 00:05:24,Yes,Only if custom,Only if custom,Only if custom,Only if custom,"Yes, but didn't report it",No,Only if custom,Only if custom,No,Yes,,,No,Yes,Only if custom,No,Yes,,,,,,,
19/08/2015 00:06:58,I don't know,I don't know,Only if custom,I don't know,Yes,I don't know,Yes,I don't know,I don't know,Yes,I don't know,,,Yes,I don't know,Yes,Yes,I don't know,,,,,,,
19/08/2015 00:12:30,Only if custom,No,Only if custom,Yes,No,No,Yes,Only if custom,Yes,Yes,I don't know,,,No,No,Yes,No,Yes,,,,,,,
19/08/2015 00:17:16,No,No,No,No,No,"Yes, but didn't report it",No,No,No,No,No,I think imgur is fine.,Thanks for the work you all do.  I wish we could promote using dotshare.it to share config files.  It's much easier than posting config files to github or pastebin.    ,No,No,Only if custom,No,No,,,,,,,
19/08/2015 00:18:14,No,Only if custom,I don't know,No,Yes,"Yes, but didn't report it",Yes,I don't know,Yes,No,Yes,,,No,Yes,Yes,Yes,Yes,,,,,,,
19/08/2015 00:20:46,Yes,Yes,Only if custom,No,I don't know,"Yes, but didn't report it",No,Yes,Yes,Only if custom,Yes,,,Yes,Yes,Yes,Yes,Yes,,,,,,,
19/08/2015 00:22:54,I don't know,Only if custom,Only if custom,I don't know,I don't know,I don't know,I don't know,I don't know,Only if custom,No,Yes,,,No,No,No,No,Only if custom,,,,,,,
19/08/2015 00:23:01,Yes,No,No,No,No,No,No,No,Yes,Yes,No,manually approved,,No,No,Yes,Yes,Yes,,,,,,,
19/08/2015 00:29:59,Only if custom,No,Only if custom,I don't know,Yes,No,Yes,I don't know,Yes,Yes,Yes,,,I don't know,Yes,Yes,Only if custom,I don't know,,,,,,,
19/08/2015 00:39:44,Yes,Only if custom,No,No,Yes,"Yes, and reported it",Yes,Yes,Yes,Yes,No,fucking childporn,,No,Yes,Yes,Yes,Yes,,,,,,,
19/08/2015 00:42:54,Only if custom,No,Yes,Only if custom,Yes,I don't know,No,I don't know,No,No,I don't know,,,No,Only if custom,Yes,No,Yes,,,,,,,
19/08/2015 00:43:07,Only if custom,Only if custom,I don't know,Yes,Yes,I don't know,Yes,I don't know,I don't know,Yes,I don't know,,,I don't know,Yes,Only if custom,I don't know,Yes,,,,,,,
19/08/2015 00:46:31,Yes,Yes,Only if custom,Yes,Yes,"Yes, but didn't report it",Yes,Yes,Yes,Yes,I don't know,"teknik.io is the same, no?",,Yes,Yes,Yes,No,Yes,,,,,,,
19/08/2015 00:52:09,No,Only if custom,Only if custom,No,Yes,"Yes, but didn't report it",No,No,Only if custom,Yes,Yes,,,Only if custom,No,Yes,No,Yes,,,,,,,
19/08/2015 00:53:37,Only if custom,No,Only if custom,No,Only if custom,No,No,Only if custom,Only if custom,No,I don't know,,,Only if custom,No,Only if custom,No,Only if custom,,,,,,,
19/08/2015 00:55:24,Only if custom,Only if custom,Only if custom,Only if custom,Only if custom,No,Only if custom,Only if custom,Only if custom,Only if custom,I don't know,,,Only if custom,Only if custom,Only if custom,Only if custom,Only if custom,,,,,,,
19/08/2015 00:57:13,Only if custom,Only if custom,Only if custom,Only if custom,Yes,I don't know,No,Yes,Yes,Yes,Yes,,To be fair I'm not exactly an avid watcher of unixporn.,No,No,Yes,No,Yes,,,,,,,
19/08/2015 00:58:14,Yes,Yes,Yes,Yes,Yes,I don't know,Yes,Yes,Yes,Yes,I don't know,,,Yes,Yes,Yes,Yes,Yes,,,,,,,
19/08/2015 00:59:37,Yes,Yes,Yes,Yes,Yes,I don't know,No,Yes,Yes,Yes,Yes,,,Yes,Yes,Yes,Yes,Yes,,,,,,,
19/08/2015 01:06:58,Yes,No,No,Yes,No,I don't know,No,No,Yes,Yes,Yes,,,I don't know,No,No,Yes,Yes,,,,,,,
19/08/2015 01:07:38,Only if custom,Only if custom,Only if custom,Only if custom,Only if custom,"Yes, but didn't report it",Only if custom,Only if custom,Only if custom,Only if custom,Yes,,,Only if custom,Only if custom,Yes,No,Only if custom,,,,,,,
19/08/2015 01:13:50,No,No,Only if custom,Only if custom,Only if custom,"Yes, but didn't report it",No,Only if custom,Only if custom,Only if custom,I don't know,,,No,Only if custom,Only if custom,No,No,,,,,,,
19/08/2015 01:14:18,Yes,Yes,Yes,Only if custom,Yes,No,Yes,Yes,Only if custom,Yes,Yes,,,Yes,Yes,Yes,Only if custom,Yes,,,,,,,
19/08/2015 01:18:52,Only if custom,Yes,Only if custom,I don't know,Yes,I don't know,Yes,I don't know,Yes,Yes,Yes,,"It's tricky because I think that a setup where the only thing changed is an icon theme or something should still count as default, but if there are enough of these little changes, it's pretty obviously not default. So I don't know where to draw the line there. Sorry that this isn't constructive, but I'm sure you guys will come up with a reasonable policy.",I don't know,Yes,Yes,No,Yes,,,,,,,
19/08/2015 01:20:20,Only if custom,No,Yes,No,Yes,"Yes, and reported it",Only if custom,Only if custom,No,No,Yes,,,No,Yes,Yes,Only if custom,Yes,,,,,,,
19/08/2015 01:24:40,No,No,Only if custom,No,Only if custom,"Yes, but didn't report it",Yes,No,Yes,Yes,Yes,,"Tell and teach people to actually configure their font rendering. Please. I cringe every time I see unhinted, un-antialiased fonts in whatever browser people are using. ;~;",No,No,Yes,No,Yes,,,,,,,
19/08/2015 01:29:39,No,No,No,No,No,"Yes, but didn't report it",No,No,No,No,I don't know,,"I started filling this out, but tbh, it just isn't this simple. Ricing your setup is a combination of the above. Changing your GTK theme alone means shit, but that, plus a wall, plus some extensions that help your workflow, plus a kickass custom terminal scheme. Creativity is just so subjective. 
I feel the biggest problem is not understanding what ricing is. That its a complicated series of configuration modifications, additions, and creative solutions to a particular task (that very well may only exist in your world) with the addition of making it asthetically pleasing to look at; such as matching wall colors, with term colors, consistent fonts, etc. Its the whole package. What's going on underneath, the scheme itself, and the workflow.  
Another area is that configs, ideas, all of that should inspire further creativity and new ideas. Molding someone's elses solution to work as a solution for you by getting that AHA moment seeing a way they did something. So in short, cloning someone elses git and straight up using all the configs does not make it a good ricing job.
And I guess lastly, the time spent making some of these amazing sesktops. I don't always get the feeling that is understood, that there are many of us who genuinely work really hard at creating our 'masterpiece' before posting it. 
So I'll leave it at that. I just vomited out a rant. Sorry. ",No,No,No,No,No,,,,,,,
19/08/2015 01:34:11,No,Only if custom,Only if custom,Yes,Only if custom,"Yes, but didn't report it",Only if custom,Only if custom,Only if custom,Only if custom,I don't know,,,Only if custom,Only if custom,Only if custom,Only if custom,Yes,,,,,,,
19/08/2015 01:34:29,No,No,Only if custom,No,Only if custom,"Yes, but didn't report it",No,No,Only if custom,Only if custom,Yes,,,Only if custom,No,Only if custom,No,Only if custom,,,,,,,
19/08/2015 01:36:40,No,Yes,Yes,No,Yes,"Yes, and reported it",No,Yes,Yes,Yes,Yes,,,No,Yes,Yes,No,Yes,,,,,,,
19/08/2015 01:37:20,Yes,No,Only if custom,Yes,Only if custom,No,No,Yes,Only if custom,No,No,No point in a register only site when alternatives are available,,No,Only if custom,No,No,Yes,,,,,,,
19/08/2015 01:37:42,Only if custom,Yes,Yes,Yes,Yes,No,Yes,Yes,Yes,Yes,Yes,,,Yes,Yes,Yes,Yes,Yes,,,,,,,
19/08/2015 01:37:42,I don't know,Yes,Only if custom,I don't know,I don't know,No,I don't know,Yes,Yes,Yes,I don't know,,,Yes,Yes,Yes,I don't know,I don't know,,,,,,,
19/08/2015 01:38:23,Only if custom,No,Only if custom,Only if custom,Yes,I don't know,No,Yes,Yes,Yes,I don't know,,,Yes,Yes,Yes,No,Only if custom,,,,,,,
19/08/2015 01:39:44,No,Only if custom,Only if custom,No,No,No,No,Only if custom,No,No,Yes,,,No,No,Only if custom,No,Only if custom,,,,,,,
19/08/2015 01:41:37,No,Yes,Only if custom,Yes,No,I don't know,No,No,Yes,Yes,Yes,,,I don't know,Only if custom,Only if custom,No,Yes,,,,,,,
19/08/2015 01:51:17,Yes,Yes,Yes,Yes,Yes,No,Yes,Yes,Yes,Yes,Yes,,,Yes,Yes,Yes,Yes,Yes,,,,,,,
19/08/2015 01:53:41,No,Yes,Yes,Yes,Only if custom,"Yes, but didn't report it",Only if custom,Only if custom,Yes,Yes,I don't know,,,No,No,Yes,No,Only if custom,,,,,,,
19/08/2015 01:53:44,No,No,No,No,No,No,No,No,No,No,I don't know,,,No,No,No,No,No,,,,,,,
19/08/2015 01:55:55,Yes,Yes,Yes,Yes,Yes,"Yes, and reported it",No,No,Yes,Yes,Yes,,,Yes,Yes,Yes,No,Yes,,,,,,,
19/08/2015 01:58:10,Only if custom,Only if custom,Only if custom,Only if custom,Only if custom,No,No,Only if custom,Only if custom,Only if custom,Yes,,,Only if custom,Only if custom,Only if custom,Only if custom,Only if custom,,,,,,,
19/08/2015 02:01:28,Yes,Only if custom,Yes,Yes,Yes,"Yes, but didn't report it",Yes,Yes,Yes,Yes,Yes,,Hurry up on that official freenode irc channel you guys said you were working on.,Only if custom,Yes,Yes,No,Yes,,,,,,,
19/08/2015 02:06:19,Only if custom,Only if custom,Only if custom,Only if custom,Only if custom,"Yes, but didn't report it",Only if custom,Only if custom,Only if custom,Only if custom,I don't know,,,Only if custom,Only if custom,Only if custom,Only if custom,Only if custom,,,,,,,
19/08/2015 02:13:00,I don't know,Yes,Yes,Yes,Yes,No,Yes,Yes,Yes,Yes,I don't know,,,Yes,Yes,Yes,No,Yes,,,,,,,
19/08/2015 02:14:59,Only if custom,Only if custom,Only if custom,Only if custom,Only if custom,I don't know,Only if custom,Only if custom,Only if custom,Only if custom,Yes,,,Only if custom,Only if custom,Only if custom,Only if custom,Only if custom,,,,,,,
19/08/2015 02:25:36,Only if custom,Only if custom,Only if custom,Only if custom,Only if custom,I don't know,Only if custom,Only if custom,Only if custom,No,Yes,,,Only if custom,Only if custom,Only if custom,No,Only if custom,,,,,,,
19/08/2015 02:31:48,No,Yes,Yes,Only if custom,I don't know,I don't know,No,Yes,Yes,Yes,I don't know,,,I don't know,No,Yes,No,No,,,,,,,
19/08/2015 02:32:05,Only if custom,Only if custom,Only if custom,Only if custom,Only if custom,"Yes, but didn't report it",Only if custom,Only if custom,Only if custom,Only if custom,I don't know,,,Only if custom,Only if custom,Only if custom,Only if custom,Only if custom,,,,,,,
19/08/2015 02:36:56,No,Only if custom,Only if custom,I don't know,No,I don't know,Yes,No,Yes,Yes,I don't know,,,No,No,Yes,Yes,Yes,,,,,,,
19/08/2015 02:43:21,Yes,Only if custom,Yes,No,Yes,"Yes, but didn't report it",Yes,No,Yes,Yes,I don't know,,,Yes,Yes,Only if custom,Yes,Yes,,,,,,,
19/08/2015 02:47:20,Yes,No,Yes,Yes,No,No,Yes,Yes,Yes,Yes,I don't know,,,Yes,No,Yes,Yes,Yes,,,,,,,
19/08/2015 02:52:14,Yes,No,Yes,Yes,Yes,"Yes, but didn't report it",Yes,Yes,Yes,Yes,Yes,,,No,No,Yes,No,Yes,,,,,,,
19/08/2015 02:54:45,Yes,No,No,No,No,"Yes, but didn't report it",No,Yes,Yes,Yes,No,"Posts should be made on the already approved hosts, I'm all for sr.ht being linked in the comments. Too many times people try new hosting methods and they're gone in a year or two, effectively losing some posts that I thought had valuable content.",,No,No,No,No,Yes,,,,,,,
19/08/2015 02:54:55,No,No,I don't know,Yes,Yes,"Yes, but didn't report it",Yes,Only if custom,Only if custom,Only if custom,Yes,,,Only if custom,No,Yes,No,Yes,,,,,,,
19/08/2015 03:09:14,Only if custom,Only if custom,Only if custom,Only if custom,Only if custom,"Yes, but didn't report it",Only if custom,Only if custom,Only if custom,Only if custom,I don't know,,"They can use other peoples fonts or icons or whatever, as long as the whole arrangement is customized in a way that makes it different then it is non-default. ",Only if custom,Only if custom,Only if custom,Only if custom,Only if custom,,,,,,,
19/08/2015 03:15:54,No,I don't know,Only if custom,Only if custom,Only if custom,No,I don't know,I don't know,Only if custom,Only if custom,Yes,,,No,Only if custom,Only if custom,I don't know,Yes,,,,,,,
19/08/2015 03:19:19,Yes,No,Yes,No,No,"Yes, but didn't report it",No,No,Yes,Yes,I don't know,,,No,No,No,No,Yes,,,,,,,
19/08/2015 03:22:29,No,No,Only if custom,Only if custom,Only if custom,I don't know,Only if custom,Yes,Yes,Yes,I don't know,,,Yes,Yes,Yes,No,Yes,,,,,,,
19/08/2015 03:39:23,No,Only if custom,Only if custom,No,Only if custom,"Yes, but didn't report it",Only if custom,No,No,Yes,Yes,,,Yes,Yes,Yes,No,Yes,,,,,,,
19/08/2015 03:44:15,Only if custom,No,Only if custom,Yes,Yes,No,No,No,Yes,Yes,I don't know,,,No,Yes,Yes,No,Only if custom,,,,,,,
19/08/2015 03:48:38,Yes,No,Yes,No,Yes,No,Yes,No,Yes,No,No,It'll just lead to more people who host their own sr.ht server wanting their host added.,,No,No,No,No,Yes,,,,,,,
19/08/2015 03:56:42,No,I don't know,No,No,Yes,"Yes, but didn't report it",Only if custom,Yes,Yes,Yes,I don't know,,"Above when I said that GTK/Qt theme and Icon theme make a non-default setup, I meant that non-overused themes make a non-default setup. So currently overused is Numix,GTK, Numix Circle icons, etc (sorry /u/Foggalong).",No,Yes,Yes,Yes,No,,,,,,,
19/08/2015 03:57:52,No,No,No,No,No,"Yes, but didn't report it",No,No,Only if custom,I don't know,I don't know,,,No,No,Yes,No,Only if custom,,,,,,,
19/08/2015 04:22:58,No,No,Yes,Only if custom,Yes,I don't know,Only if custom,Only if custom,Yes,Yes,I don't know,,,Yes,Yes,Yes,Yes,Yes,,,,,,,
19/08/2015 04:27:27,No,No,No,No,No,No,No,No,No,No,I don't know,,,No,No,No,No,No,,,,,,,
19/08/2015 04:30:10,Yes,I don't know,Yes,Yes,Yes,"Yes, but didn't report it",No,I don't know,I don't know,Only if custom,Yes,,,No,No,Yes,No,Yes,,,,,,,
19/08/2015 04:31:43,Only if custom,No,Only if custom,I don't know,Only if custom,"Yes, but didn't report it",No,No,No,Only if custom,I don't know,,,Only if custom,No,No,No,Only if custom,,,,,,,
19/08/2015 04:34:29,Yes,No,Yes,Yes,No,No,No,Yes,Yes,Yes,I don't know,,,No,No,No,No,Yes,,,,,,,
19/08/2015 04:48:44,No,No,Yes,No,Yes,"Yes, but didn't report it",Yes,Yes,Yes,Yes,I don't know,,,Yes,Yes,Yes,No,Yes,,,,,,,
19/08/2015 04:50:48,Yes,Yes,Yes,Yes,Yes,No,Yes,Yes,Yes,Yes,No,Not public.,,Yes,Yes,Yes,No,Yes,,,,,,,
19/08/2015 05:09:37,No,Yes,Yes,No,I don't know,No,Only if custom,Yes,Yes,Only if custom,I don't know,,,Only if custom,Yes,Yes,Only if custom,I don't know,,,,,,,
19/08/2015 05:17:43,Yes,Yes,Yes,Yes,Yes,"Yes, but didn't report it",Yes,Yes,No,Yes,Yes,,,Yes,Only if custom,Yes,Yes,No,,,,,,,
19/08/2015 05:18:08,Only if custom,Only if custom,Only if custom,No,I don't know,"Yes, but didn't report it",I don't know,No,Only if custom,Only if custom,I don't know,,,No,No,Only if custom,No,Only if custom,,,,,,,
19/08/2015 05:24:16,No,No,Yes,No,Yes,"Yes, but didn't report it",No,Only if custom,Only if custom,No,Yes,,,No,Only if custom,Only if custom,No,Yes,,,,,,,
19/08/2015 05:29:48,I don't know,Yes,Yes,Yes,Yes,I don't know,Yes,Yes,Yes,Yes,I don't know,,,Yes,Yes,Yes,No,Yes,,,,,,,
19/08/2015 05:40:00,I don't know,Yes,Only if custom,Yes,Yes,No,Yes,No,Yes,Yes,No,I don't want to create yet another account; I have plenty already haha,"Nope, but it is always a pleasure to browse the subreddit :)",Yes,Yes,Yes,No,I don't know,,,,,,,
19/08/2015 05:46:18,Only if custom,Only if custom,Only if custom,No,I don't know,"Yes, but didn't report it",No,No,Only if custom,Only if custom,I don't know,,,No,Only if custom,Only if custom,No,Yes,,,,,,,
19/08/2015 05:50:13,No,Yes,Only if custom,Only if custom,Only if custom,"Yes, but didn't report it",Only if custom,No,Yes,Yes,Yes,,,Only if custom,Only if custom,Only if custom,Yes,Only if custom,,,,,,,
19/08/2015 05:50:16,No,No,No,No,No,No,No,No,No,No,I don't know,,,No,No,No,No,No,,,,,,,
19/08/2015 05:53:05,Yes,Yes,Yes,Yes,Yes,No,Yes,Yes,Yes,Yes,Yes,,,Yes,Yes,Yes,Yes,Yes,,,,,,,
19/08/2015 06:01:54,Yes,Yes,Yes,Yes,Yes,No,Yes,Yes,Yes,Yes,Yes,,,Yes,Yes,Yes,Yes,Yes,,,,,,,
19/08/2015 06:07:13,No,Only if custom,Only if custom,Only if custom,No,"Yes, but didn't report it",No,Only if custom,Only if custom,Only if custom,Yes,,,No,No,No,No,Only if custom,,,,,,,
19/08/2015 06:18:29,No,Only if custom,Only if custom,Only if custom,Yes,"Yes, but didn't report it",Yes,Only if custom,Yes,Yes,I don't know,,,Yes,Yes,Yes,Yes,Yes,,,,,,,
19/08/2015 06:19:26,No,Only if custom,Only if custom,Only if custom,No,I don't know,No,Yes,Yes,Only if custom,I don't know,,,Only if custom,I don't know,Only if custom,No,Yes,,,,,,,
19/08/2015 06:21:43,No,Yes,Yes,I don't know,Yes,I don't know,Yes,I don't know,Only if custom,Only if custom,I don't know,,I feel that ptpb.pw would be a better candidate for addition as an approved host than sr.ht,Only if custom,No,Yes,I don't know,Yes,,,,,,,
19/08/2015 06:38:03,Yes,Yes,Yes,Only if custom,Only if custom,"Yes, but didn't report it",Only if custom,No,No,No,No,accounts have to be manually approved by the admin,,No,No,Yes,No,Yes,,,,,,,
19/08/2015 06:40:57,Yes,Yes,Yes,Yes,Yes,No,Yes,Yes,Yes,Yes,Yes,,,Yes,Yes,Yes,No,No,,,,,,,
19/08/2015 06:42:17,No,Only if custom,Only if custom,Only if custom,Only if custom,"Yes, but didn't report it",Only if custom,Only if custom,Only if custom,Only if custom,Yes,,,Only if custom,Only if custom,Only if custom,Only if custom,Only if custom,,,,,,,
19/08/2015 07:11:53,I don't know,Only if custom,Yes,Only if custom,Only if custom,"Yes, but didn't report it",Yes,Only if custom,Only if custom,Only if custom,Yes,,,I don't know,Only if custom,Yes,Yes,Yes,,,,,,,
19/08/2015 07:12:45,No,No,No,No,Yes,I don't know,Yes,No,Yes,Yes,Yes,,,No,No,No,No,No,,,,,,,
19/08/2015 07:12:46,Yes,No,Only if custom,Only if custom,Yes,"Yes, and reported it",Yes,Yes,Yes,Yes,Yes,,Arch rulez!!eleven,Yes,Yes,Yes,No,Yes,,,,,,,
19/08/2015 07:14:56,Only if custom,Yes,I don't know,Yes,Yes,No,Yes,I don't know,Yes,Yes,Yes,,,Yes,I don't know,Yes,No,I don't know,,,,,,,
19/08/2015 07:16:33,I don't know,Yes,Yes,Only if custom,I don't know,I don't know,Yes,I don't know,I don't know,Yes,I don't know,,,Yes,Yes,Yes,I don't know,Yes,,,,,,,
19/08/2015 07:26:53,Only if custom,No,Only if custom,Only if custom,Only if custom,"Yes, but didn't report it",No,Only if custom,Only if custom,Only if custom,I don't know,,,Only if custom,Only if custom,Only if custom,No,Yes,,,,,,,
19/08/2015 07:27:02,No,No,Yes,Yes,Yes,No,Yes,Yes,Yes,Yes,Yes,,,Yes,Yes,Yes,Yes,Yes,,,,,,,
19/08/2015 07:32:13,Yes,Yes,Only if custom,Only if custom,No,"Yes, but didn't report it",No,No,Yes,Yes,Yes,,,No,Yes,Only if custom,Yes,Only if custom,,,,,,,
19/08/2015 07:37:56,Yes,Yes,Yes,Yes,Yes,No,Yes,Yes,Yes,Yes,Yes,,,Only if custom,Yes,Yes,Yes,Yes,,,,,,,
19/08/2015 07:38:11,Yes,Yes,Yes,Only if custom,Yes,"Yes, but didn't report it",Only if custom,Only if custom,Only if custom,Only if custom,I don't know,,,Only if custom,Yes,Only if custom,No,Yes,,,,,,,
19/08/2015 07:39:27,No,No,Yes,Yes,Yes,"Yes, but didn't report it",Yes,Yes,Yes,Yes,No,,,Yes,Yes,Yes,Yes,Yes,,,,,,,
19/08/2015 08:06:52,Yes,Yes,Yes,Yes,Yes,No,Yes,No,Yes,Yes,Yes,,"What actually makes a non-default setup is the *combination* of several of the points you listed. For example with Xfce, if you only change the wallpaper, or only change the GTK theme, it will still be a default setup. However, if you change the wallpaper AND the GTK/icon theme AND the panel arrangement then it's a non-default.

Same goes for WMs like i3, only putting up a wallpaper or only changing border colors doesn't make it non-default. The combination of wallpaper, borders, bar setup, terminal colorscheme and fonts makes it non-default.",No,Yes,Yes,No,Yes,,,,,,,
19/08/2015 08:11:35,No,Only if custom,Only if custom,Only if custom,Yes,"Yes, but didn't report it",Only if custom,Yes,Only if custom,Only if custom,Yes,,"Thanks for doing this! I'm really curious how it will turn out.
In customizations, the thing I appreciate most is the time invested.",Only if custom,Only if custom,Only if custom,Only if custom,Yes,,,,,,,
19/08/2015 08:14:46,No,No,Yes,Yes,Yes,I don't know,No,No,No,Yes,Yes,,,No,Yes,No,No,Yes,,,,,,,
19/08/2015 08:16:04,Yes,Yes,Yes,Yes,Yes,I don't know,Yes,Yes,Yes,Yes,I don't know,,,Yes,Yes,Yes,No,Yes,,,,,,,
19/08/2015 08:23:29,No,Only if custom,Yes,Yes,Yes,No,Yes,Yes,Yes,Yes,Yes,,,Only if custom,Yes,Yes,Only if custom,Yes,,,,,,,
19/08/2015 08:30:46,No,No,Only if custom,Only if custom,Yes,"Yes, but didn't report it",Yes,No,Yes,No,I don't know,,,No,Yes,No,No,Yes,,,,,,,
19/08/2015 09:04:43,No,Yes,Yes,Yes,Yes,"Yes, but didn't report it",Yes,Yes,Yes,Yes,I don't know,,,Yes,Yes,Yes,Yes,Yes,,,,,,,
19/08/2015 09:27:22,Yes,Yes,Yes,Yes,Yes,No,Yes,No,Yes,Yes,I don't know,,,Yes,Yes,Yes,Yes,Yes,,,,,,,
19/08/2015 09:29:34,I don't know,Yes,Yes,Yes,Only if custom,No,Yes,Only if custom,Yes,Yes,I don't know,,,I don't know,No,Yes,Yes,Yes,,,,,,,
19/08/2015 09:37:28,No,No,Yes,Yes,Yes,"Yes, and reported it",No,No,Yes,Yes,No,the approved host list is fine as is,,Yes,Yes,No,No,No,,,,,,,
19/08/2015 09:48:29,Only if custom,No,Yes,Yes,Yes,I don't know,Yes,Yes,Yes,Yes,I don't know,,,No,No,No,No,Yes,,,,,,,
19/08/2015 09:49:54,I don't know,No,Only if custom,Only if custom,Yes,I don't know,Yes,Yes,Yes,Yes,Yes,,,No,No,Only if custom,Only if custom,Only if custom,,,,,,,
19/08/2015 09:52:46,Only if custom,Only if custom,Only if custom,Only if custom,Only if custom,"Yes, but didn't report it",No,Only if custom,Only if custom,No,I don't know,,,Only if custom,Yes,Yes,Only if custom,Yes,,,,,,,
19/08/2015 10:01:36,Only if custom,No,Yes,Only if custom,No,I don't know,Yes,Yes,Yes,Yes,Yes,,,I don't know,Only if custom,Yes,No,Yes,,,,,,,
19/08/2015 10:02:16,No,I don't know,Only if custom,Only if custom,Only if custom,No,Only if custom,Only if custom,Only if custom,Only if custom,Yes,,Unicorn x porn eff tee double fucking you,No,Only if custom,Only if custom,No,Only if custom,,,,,,,
19/08/2015 10:03:48,Only if custom,Only if custom,I don't know,Only if custom,I don't know,I don't know,No,I don't know,Yes,Yes,I don't know,,,No,Only if custom,No,No,I don't know,,,,,,,
19/08/2015 10:41:02,No,Yes,Yes,Yes,Yes,"Yes, and reported it",Yes,Yes,Yes,Yes,I don't know,,,Yes,Yes,Yes,No,Yes,,,,,,,
19/08/2015 10:42:15,No,Only if custom,Yes,No,Yes,No,No,No,No,No,No,I sent him a picture of a puppy AND HE STILL REJECTED MY INVITE,,No,Yes,Yes,No,Yes,,,,,,,
19/08/2015 10:51:37,Yes,No,I don't know,Yes,Yes,I don't know,No,Yes,Yes,Yes,I don't know,,,Yes,Yes,Yes,No,Yes,,,,,,,
19/08/2015 11:09:58,No,I don't know,Yes,Only if custom,I don't know,No,Only if custom,No,No,No,I don't know,,"About the default setup thing: A lot of elements don't make a non-default setup by them selves but could when put togther, e.g. only a changed gtk theme doesn't make the setup special in any way, but I'd say that a well chosen gtk theme + icon theme + panel placement + font can certainly count as non-default.

What about a minimum number of custom elements needed for the setup to count as non-default?",I don't know,Only if custom,Only if custom,Only if custom,Yes,,,,,,,
19/08/2015 11:20:12,I don't know,Only if custom,Yes,Yes,Yes,No,Only if custom,I don't know,Yes,Yes,No,manual account approving,,Yes,I don't know,Yes,No,Yes,,,,,,,
19/08/2015 11:48:18,I don't know,Only if custom,No,No,Yes,"Yes, but didn't report it",Only if custom,Yes,No,No,I don't know,,,No,Yes,Yes,Only if custom,Yes,,,,,,,
19/08/2015 12:02:01,Only if custom,Yes,Yes,Only if custom,Yes,"Yes, but didn't report it",No,Yes,Yes,Yes,Yes,,,Yes,Yes,Only if custom,No,Yes,,,,,,,
19/08/2015 12:06:24,No,No,Yes,No,Yes,No,Yes,No,No,Yes,No,,,Yes,Yes,Yes,Yes,Yes,,,,,,,
19/08/2015 12:20:30,No,Only if custom,No,No,Yes,"Yes, but didn't report it",No,No,Yes,Yes,Yes,,Yes,Yes,No,Yes,Yes,Yes,,,,,,,
19/08/2015 12:22:31,I don't know,No,Yes,Yes,Yes,I don't know,No,No,Yes,Yes,I don't know,,,No,Yes,Yes,No,Yes,,,,,,,
19/08/2015 12:26:43,Only if custom,Yes,I don't know,Yes,Yes,No,Yes,Yes,Yes,Yes,I don't know,,,Yes,Yes,Yes,Yes,Yes,,,,,,,
19/08/2015 13:06:54,I don't know,No,Only if custom,I don't know,Yes,"Yes, but didn't report it",No,No,No,No,Yes,,,No,No,Yes,No,Yes,,,,,,,
19/08/2015 13:47:36,Only if custom,Only if custom,Only if custom,Only if custom,Only if custom,I don't know,No,No,Only if custom,Only if custom,I don't know,,,No,No,Yes,No,Yes,,,,,,,
19/08/2015 14:04:53,No,Only if custom,Yes,Yes,I don't know,I don't know,No,Yes,Yes,Yes,I don't know,,,No,I don't know,Yes,No,Yes,,,,,,,
19/08/2015 14:15:12,Only if custom,Only if custom,No,No,No,"Yes, but didn't report it",No,Yes,Yes,Yes,Yes,,,No,Only if custom,Only if custom,No,Only if custom,,,,,,,
19/08/2015 14:26:50,Only if custom,Yes,Yes,I don't know,I don't know,"Yes, but didn't report it",No,No,Yes,Yes,I don't know,,,Yes,Yes,Yes,No,Yes,,,,,,,
19/08/2015 14:32:13,Only if custom,Only if custom,No,Only if custom,Only if custom,"Yes, but didn't report it",No,No,No,No,Yes,,The more image hosts the better! (As long as images are kept for as long as possible),No,Only if custom,Only if custom,No,Only if custom,,,,,,,
19/08/2015 14:42:26,No,No,No,No,No,"Yes, and reported it",No,No,No,No,No,Why this one over others? I want my host approved too!,,No,No,No,No,No,,,,,,,
19/08/2015 14:47:17,No,Only if custom,Yes,No,Yes,No,Yes,Only if custom,Only if custom,Only if custom,Yes,,,No,Yes,Yes,No,Yes,,,,,,,
19/08/2015 14:54:01,No,No,No,Yes,No,No,Yes,Yes,Yes,Yes,I don't know,,,No,No,No,No,Yes,,,,,,,
19/08/2015 14:59:33,Yes,Only if custom,Only if custom,Yes,Only if custom,"Yes, and reported it",Yes,Yes,Yes,Yes,Yes,,,Only if custom,Only if custom,Only if custom,Yes,Only if custom,,,,,,,
19/08/2015 16:06:10,Only if custom,Yes,Only if custom,No,Yes,"Yes, but didn't report it",Yes,I don't know,I don't know,I don't know,I don't know,,,No,Yes,Yes,Only if custom,Yes,,,,,,,
19/08/2015 16:14:45,No,Only if custom,No,No,I don't know,"Yes, but didn't report it",No,No,No,No,I don't know,,,No,No,Yes,No,Yes,,,,,,,
19/08/2015 16:49:34,No,No,Yes,Yes,No,"Yes, but didn't report it",No,No,Yes,Yes,No,"Because http://ptpb.pw is orders of magnitude better with easy CLI use, more features, and a bigger upload size limit. please consider it instead/as well.",,No,Yes,Only if custom,No,Only if custom,,,,,,,
19/08/2015 17:03:06,Only if custom,No,I don't know,I don't know,I don't know,I don't know,I don't know,Yes,Yes,Yes,Yes,,,Yes,Yes,Yes,No,Yes,,,,,,,
19/08/2015 17:12:20,No,No,Only if custom,Only if custom,Only if custom,"Yes, but didn't report it",Yes,No,Yes,Yes,No,Never heard of such a site.,,No,No,No,No,Yes,,,,,,,
19/08/2015 18:36:44,I don't know,Yes,Yes,Yes,I don't know,I don't know,I don't know,I don't know,Yes,Yes,No,Requires sign up,,Yes,Yes,Only if custom,No,Yes,,,,,,,
19/08/2015 18:39:48,Yes,Yes,Yes,No,Yes,"Yes, but didn't report it",No,No,Only if custom,Only if custom,I don't know,,,Only if custom,Only if custom,Only if custom,Yes,Yes,,,,,,,
19/08/2015 19:04:51,I don't know,No,Only if custom,Yes,Only if custom,"Yes, but didn't report it",Yes,No,Yes,Yes,Yes,,,Only if custom,Yes,Yes,Yes,Yes,,,,,,,
19/08/2015 19:09:11,No,No,No,No,No,I don't know,No,Yes,Yes,Yes,I don't know,,Is Mint freer than Ubuntu?,Yes,Yes,No,No,Yes,,,,,,,
19/08/2015 19:09:44,No,Yes,Yes,Only if custom,Only if custom,"Yes, but didn't report it",No,I don't know,I don't know,I don't know,Yes,,,No,Only if custom,Only if custom,No,Only if custom,,,,,,,
19/08/2015 19:12:49,Yes,No,Only if custom,Yes,Yes,I don't know,Yes,Yes,Yes,Yes,I don't know,,,Yes,Yes,Yes,Yes,Yes,,,,,,,
19/08/2015 19:30:27,No,No,No,Only if custom,Yes,"Yes, but didn't report it",No,Only if custom,Only if custom,Only if custom,No,It's not open to everyone,,Only if custom,No,Yes,No,Yes,,,,,,,
19/08/2015 21:21:00,Only if custom,No,No,Only if custom,Yes,"Yes, but didn't report it",Yes,I don't know,Yes,Yes,I don't know,,,No,No,Yes,No,Yes,,,,,,,
19/08/2015 21:25:24,No,No,No,No,No,"Yes, but didn't report it",No,No,Yes,Yes,I don't know,,,Yes,No,Yes,Yes,Yes,,,,,,,
19/08/2015 21:48:33,I don't know,No,Yes,Only if custom,Yes,"Yes, but didn't report it",No,Yes,Yes,Yes,Yes,,,No,Yes,No,No,Yes,,,,,,,
19/08/2015 22:33:27,Only if custom,Only if custom,Yes,Yes,Yes,"Yes, but didn't report it",No,No,Only if custom,Yes,I don't know,,,No,Yes,Yes,No,Yes,,,,,,,
19/08/2015 23:02:51,No,No,No,Only if custom,Yes,No,Yes,No,Only if custom,Only if custom,I don't know,,"Ban one more thing! Ban those Gnome/XFCE guys who install Numix theme and Numix-Circle-Flat icon pack. That should be brought as default too, since I am sick of opening subreddit and seeing one first page 10 same posts where guy puts some 1000times used geometry minimal wallpaper, launches terminal with scrot, and shows of his all Numix desktop! And he gets 50+ upvotes wtf, meanwhile other guy with Gentoo config that looks bad-ass has like 20 upvotes laying on the bottom of subreddit. That. Is. Not. Cool! BAN NUMIX!",Only if custom,Only if custom,Yes,No,Yes,,,,,,,
19/08/2015 23:11:53,I don't know,No,Only if custom,Only if custom,Yes,I don't know,Yes,No,I don't know,Yes,I don't know,,,Yes,Only if custom,Yes,Yes,Yes,,,,,,,
19/08/2015 23:25:43,Yes,Yes,Yes,No,Yes,"Yes, but didn't report it",No,Only if custom,Only if custom,Only if custom,I don't know,,,No,Yes,Only if custom,Only if custom,Yes,,,,,,,
19/08/2015 23:26:02,Only if custom,No,No,Yes,Yes,I don't know,Yes,Yes,Yes,Yes,I don't know,,,Yes,Yes,Yes,Yes,Yes,,,,,,,
20/08/2015 00:04:27,No,Yes,Only if custom,Yes,I don't know,"Yes, but didn't report it",I don't know,I don't know,Yes,Yes,I don't know,,,No,Yes,Only if custom,I don't know,I don't know,,,,,,,
20/08/2015 00:34:11,Yes,Yes,Yes,Yes,Yes,No,Yes,I don't know,Only if custom,Only if custom,I don't know,,,I don't know,No,No,No,Yes,,,,,,,
20/08/2015 00:49:09,I don't know,I don't know,I don't know,I don't know,I don't know,I don't know,I don't know,I don't know,I don't know,I don't know,I don't know,,,I don't know,I don't know,I don't know,I don't know,I don't know,,,,,,,
20/08/2015 01:17:49,Yes,Yes,Yes,Only if custom,Yes,I don't know,Yes,Yes,Yes,Yes,I don't know,,,Yes,Yes,Yes,Yes,Yes,,,,,,,
20/08/2015 01:28:50,Only if custom,Only if custom,Only if custom,Only if custom,Yes,I don't know,No,No,Yes,No,I don't know,,,I don't know,Yes,Only if custom,No,Yes,,,,,,,
20/08/2015 01:50:15,No,No,Yes,I don't know,Yes,I don't know,No,No,I don't know,I don't know,I don't know,,,Yes,I don't know,I don't know,No,I don't know,,,,,,,
20/08/2015 03:56:07,I don't know,I don't know,I don't know,No,Yes,I don't know,Yes,I don't know,Yes,No,Yes,,,No,Yes,Yes,Yes,Yes,,,,,,,
20/08/2015 04:06:12,Yes,No,Yes,Yes,Yes,No,Yes,Yes,Yes,Yes,Yes,,this sub is great,Yes,Yes,Yes,No,Yes,,,,,,,
20/08/2015 04:37:16,Only if custom,Yes,Only if custom,No,Only if custom,"Yes, and reported it",Yes,No,Yes,Yes,Yes,,,Yes,Only if custom,Yes,Only if custom,Only if custom,,,,,,,
20/08/2015 07:51:12,No,Only if custom,No,No,Yes,"Yes, but didn't report it",No,No,Yes,Yes,I don't know,,,No,Yes,Yes,Yes,Yes,,,,,,,
20/08/2015 08:24:50,No,Only if custom,No,No,Only if custom,"Yes, but didn't report it",No,No,Yes,Yes,Yes,,,No,Yes,Yes,No,Only if custom,,,,,,,
20/08/2015 08:32:55,No,No,No,Yes,No,I don't know,No,Yes,Yes,Yes,Yes,,,Yes,No,No,No,No,,,,,,,
20/08/2015 10:20:18,Only if custom,No,Only if custom,Only if custom,Only if custom,"Yes, but didn't report it",No,No,Only if custom,Only if custom,I don't know,,,No,No,Only if custom,No,Only if custom,,,,,,,
20/08/2015 11:32:00,Yes,No,No,No,No,No,No,Yes,Yes,Yes,Yes,,,No,No,Yes,No,Yes,,,,,,,
20/08/2015 12:29:42,Yes,Yes,Yes,Yes,Yes,"Yes, but didn't report it",Yes,No,Yes,Yes,Yes,,,Yes,Yes,Yes,No,Yes,,,,,,,
20/08/2015 13:16:49,Only if custom,Only if custom,Only if custom,Only if custom,Only if custom,"Yes, but didn't report it",No,No,Only if custom,Only if custom,I don't know,,,Only if custom,No,Only if custom,Only if custom,Only if custom,,,,,,,
20/08/2015 14:23:07,Only if custom,I don't know,Yes,No,Yes,"Yes, but didn't report it",I don't know,Yes,Yes,Yes,Yes,,"The list of features that make a non-default set-up should be mixed. What I mean by that is that, whilst say a GTK theme on its own doesn't really make a non-default (say Ubuntu GNOME stock but with just the GTK theme changed), changing say the GTK theme, icon theme, browser theme and wallpaper would make a setup non-default. No one change is really sufficient to make a setup non-default, but a number of changes.",I don't know,Yes,Yes,No,Yes,,,,,,,
20/08/2015 14:51:10,I don't know,No,Yes,Yes,No,"Yes, but didn't report it",Yes,Yes,Yes,Yes,I don't know,,,Yes,Yes,Yes,No,Yes,,,,,,,
20/08/2015 15:10:50,Yes,Yes,Yes,Yes,Yes,"Yes, but didn't report it",No,Yes,Only if custom,Yes,Yes,,,No,Only if custom,Only if custom,Only if custom,Only if custom,,,,,,,
20/08/2015 15:13:04,No,No,Yes,Yes,Yes,I don't know,Yes,Yes,Yes,Yes,Yes,,,Yes,Yes,Yes,Yes,Yes,,,,,,,
20/08/2015 15:14:53,Yes,Yes,Yes,Yes,Yes,I don't know,Yes,No,Yes,Yes,Yes,,,Yes,Yes,Yes,No,Yes,,,,,,,
20/08/2015 16:58:34,Yes,Only if custom,Yes,Only if custom,Only if custom,I don't know,No,Yes,No,No,Yes,,,No,Only if custom,Only if custom,No,Only if custom,,,,,,,
20/08/2015 17:21:19,Only if custom,Yes,Yes,Yes,Yes,No,Yes,Yes,Yes,Yes,Yes,,,Yes,Yes,No,No,Yes,,,,,,,
20/08/2015 17:45:05,Only if custom,Only if custom,Only if custom,No,No,"Yes, but didn't report it",Only if custom,Only if custom,Yes,Only if custom,No,,,Yes,Yes,No,No,Yes,,,,,,,
20/08/2015 18:36:33,No,Only if custom,Yes,I don't know,Yes,"Yes, but didn't report it",No,No,Only if custom,Only if custom,No,I don't like having to make an account just to post an image.,,Only if custom,Only if custom,Only if custom,No,Yes,,,,,,,
20/08/2015 19:33:50,Only if custom,No,Only if custom,Yes,Yes,No,Yes,No,No,No,I don't know,,,No,Yes,No,No,No,,,,,,,
20/08/2015 21:08:38,No,Only if custom,No,No,Yes,I don't know,Yes,Yes,Only if custom,Only if custom,Yes,,,Only if custom,Yes,Yes,No,Yes,,,,,,,
20/08/2015 22:35:05,No,No,No,No,No,"Yes, but didn't report it",No,No,No,No,Yes,,,No,No,No,No,No,,,,,,,
20/08/2015 23:27:02,No,Only if custom,Only if custom,Yes,Only if custom,"Yes, but didn't report it",No,Yes,Yes,No,Yes,,,No,No,Only if custom,No,Yes,,,,,,,
21/08/2015 01:09:31,Only if custom,Only if custom,Yes,I don't know,I don't know,No,I don't know,I don't know,Yes,Yes,I don't know,,,I don't know,Only if custom,Yes,Yes,Yes,,,,,,,
21/08/2015 01:20:24,Only if custom,Only if custom,Yes,Yes,Yes,"Yes, but didn't report it",Yes,Yes,Yes,Yes,I don't know,,,No,No,Yes,No,Yes,,,,,,,
21/08/2015 01:25:06,Yes,No,Yes,Yes,Yes,No,Yes,No,Yes,Yes,I don't know,,,No,Yes,Yes,No,Yes,,,,,,,
21/08/2015 01:51:11,No,Yes,Yes,No,Yes,I don't know,Yes,No,No,Yes,Yes,,,No,Yes,Yes,No,Yes,,,,,,,
21/08/2015 05:18:16,No,No,No,No,No,"Yes, but didn't report it",Yes,No,No,No,No,how is this the only one included here? doesn't seem fair and appears to require signing up for an account which instantly means i don't trust it.,,No,Yes,Yes,No,Yes,,,,,,,
21/08/2015 05:42:42,Only if custom,Only if custom,Only if custom,Only if custom,Only if custom,"Yes, but didn't report it",Only if custom,Only if custom,Yes,Yes,I don't know,,,Only if custom,Yes,Only if custom,Only if custom,Only if custom,,,,,,,
21/08/2015 07:10:34,No,No,Only if custom,No,Yes,No,I don't know,No,Only if custom,Only if custom,I don't know,,,Only if custom,No,Only if custom,No,Yes,,,,,,,
21/08/2015 07:42:54,Yes,I don't know,Yes,Yes,Yes,I don't know,No,No,No,No,I don't know,,,No,No,Yes,No,Yes,,,,,,,
21/08/2015 08:54:23,Yes,No,No,Yes,No,"Yes, but didn't report it",No,No,No,No,Yes,,,No,No,No,No,No,,,,,,,
21/08/2015 09:25:19,Yes,Yes,Only if custom,Only if custom,Only if custom,"Yes, and reported it",Yes,Yes,Only if custom,No,Yes,,"Post should have a minimum requirement of 1-3 custom items. 
Og scripts or useful code. (Could even innovate but look have a reasonable difference.)
A practical tool or influences in their work flow, website, youtuber, redditor, quote, wm tricks and layouts of real world usage. 
Something that marks their Technology use differenitate from others around the world, UP redditors and nixers.
",Only if custom,Only if custom,Only if custom,No,Only if custom,,,,,,,
21/08/2015 10:08:53,Only if custom,No,Yes,Yes,Only if custom,No,Yes,Only if custom,Yes,Yes,Yes,,,No,Yes,Yes,No,Only if custom,,,,,,,
21/08/2015 10:47:51,Only if custom,Only if custom,Yes,Only if custom,Only if custom,"Yes, but didn't report it",Only if custom,Only if custom,Only if custom,Only if custom,I don't know,,,No,Only if custom,Only if custom,No,Yes,,,,,,,
21/08/2015 11:15:29,Only if custom,No,Only if custom,Only if custom,No,"Yes, but didn't report it",No,I don't know,I don't know,I don't know,I don't know,,,I don't know,No,No,No,Only if custom,,,,,,,
21/08/2015 11:28:07,I don't know,No,Yes,Yes,Yes,I don't know,No,Yes,Yes,No,Yes,,,No,No,No,No,Yes,,,,,,,
21/08/2015 11:52:44,Yes,No,Yes,Yes,Yes,No,Yes,Yes,Yes,Yes,No,"No point of using it, Imgur allows high-res uploads if you have an account, why not sign-up for that one instead of a creepy site?",,Yes,Yes,Yes,Yes,Yes,,,,,,,
21/08/2015 11:54:59,No,I don't know,Yes,No,Yes,"Yes, but didn't report it",Yes,No,Only if custom,No,Yes,,,No,Yes,Yes,No,Yes,,,,,,,
21/08/2015 12:18:53,No,Yes,Yes,Yes,Yes,I don't know,Yes,No,No,No,I don't know,,,Yes,Yes,Yes,No,Yes,,,,,,,
21/08/2015 15:25:57,No,No,Only if custom,No,No,No,No,I don't know,Only if custom,No,Yes,,,No,Only if custom,Yes,No,Only if custom,,,,,,,
21/08/2015 15:39:25,Only if custom,Only if custom,Only if custom,Only if custom,Only if custom,"Yes, but didn't report it",Only if custom,No,No,Only if custom,I don't know,,,Only if custom,Only if custom,Only if custom,No,Only if custom,,,,,,,
21/08/2015 15:39:29,No,Yes,Yes,Yes,Yes,I don't know,I don't know,I don't know,Yes,Yes,I don't know,,,Yes,No,Yes,No,Yes,,,,,,,
21/08/2015 15:52:31,I don't know,Yes,Only if custom,Only if custom,Yes,"Yes, but didn't report it",No,I don't know,Yes,No,I don't know,,,No,Yes,Yes,No,Yes,,,,,,,
21/08/2015 16:52:43,Only if custom,Only if custom,Only if custom,Yes,Yes,"Yes, but didn't report it",Yes,Yes,Yes,Yes,Yes,,,Yes,Yes,Yes,No,Yes,,,,,,,
21/08/2015 17:51:41,No,No,Yes,No,Yes,I don't know,Yes,No,Yes,Yes,I don't know,,,No,No,Yes,No,Yes,,,,,,,
21/08/2015 19:18:53,I don't know,I don't know,Only if custom,I don't know,I don't know,No,Only if custom,Yes,Yes,Only if custom,I don't know,,,Only if custom,Only if custom,Only if custom,No,Yes,,,,,,,
21/08/2015 20:28:00,No,Yes,Yes,Only if custom,Yes,I don't know,Only if custom,Yes,Yes,Only if custom,I don't know,,,Only if custom,No,Yes,Only if custom,Yes,,,,,,,
21/08/2015 20:45:25,Only if custom,No,Yes,Yes,Yes,I don't know,Yes,I don't know,Yes,Yes,I don't know,,,No,I don't know,No,No,I don't know,,,,,,,
21/08/2015 20:50:04,Yes,Yes,Yes,Yes,Yes,"Yes, but didn't report it",Yes,I don't know,Yes,Yes,Yes,,,I don't know,Yes,Yes,Yes,Yes,,,,,,,
21/08/2015 21:42:31,Only if custom,Only if custom,Yes,Yes,No,No,No,Yes,Yes,Yes,No,Similar hosts have been added before only to disappear from the internet,,No,No,No,No,No,,,,,,,
21/08/2015 22:03:59,Yes,Yes,Only if custom,Yes,Yes,"Yes, but didn't report it",Yes,Yes,Yes,Yes,No,Nothing guarantees that this will exist a few years from now. This will result in links 404ing.,,Yes,Yes,Yes,No,Yes,,,,,,,
21/08/2015 22:33:03,I don't know,Yes,Yes,No,Yes,No,Yes,No,No,Yes,Yes,,,Yes,Yes,Yes,Only if custom,Yes,,,,,,,
21/08/2015 22:39:22,Yes,No,Yes,Yes,Yes,"Yes, but didn't report it",Yes,Yes,Yes,Yes,I don't know,,,Yes,No,Yes,No,Yes,,,,,,,
21/08/2015 23:21:55,No,Only if custom,Only if custom,No,Only if custom,I don't know,No,Only if custom,No,No,I don't know,,,No,No,Only if custom,No,Only if custom,,,,,,,
22/08/2015 02:00:51,No,Only if custom,Yes,No,Yes,"Yes, but didn't report it",No,Yes,Yes,No,I don't know,,,No,Yes,Yes,No,Yes,,,,,,,
22/08/2015 02:03:00,No,Only if custom,Yes,No,Yes,"Yes, but didn't report it",No,Yes,Yes,No,I don't know,,,No,Yes,Yes,No,Yes,,,,,,,
22/08/2015 02:33:32,Yes,Yes,Yes,Yes,Yes,"Yes, and reported it",Yes,Yes,Yes,Yes,No,Hosting list has to easily accesible to all the users without manual approving of the admin,,Yes,Yes,Yes,Yes,Yes,,,,,,,
22/08/2015 02:50:35,I don't know,Yes,No,No,Only if custom,"Yes, but didn't report it",Yes,I don't know,Only if custom,Only if custom,Yes,,,Only if custom,Yes,Yes,No,Yes,,,,,,,
22/08/2015 05:56:50,No,No,No,No,Yes,"Yes, but didn't report it",No,Yes,Yes,Yes,Yes,,,No,Yes,No,No,Yes,,,,,,,
22/08/2015 06:47:06,No,No,Yes,Yes,I don't know,I don't know,No,No,Yes,No,Yes,,,Yes,No,No,No,Yes,,,,,,,
22/08/2015 14:04:33,Yes,Only if custom,No,No,Yes,"Yes, but didn't report it",No,No,Yes,I don't know,Yes,,,No,Yes,Yes,I don't know,Yes,,,,,,,
22/08/2015 14:30:42,Only if custom,Yes,Yes,Only if custom,Yes,"Yes, but didn't report it",No,No,Only if custom,No,Yes,,,No,Only if custom,Only if custom,No,Yes,,,,,,,
22/08/2015 14:41:28,No,Yes,Yes,No,Only if custom,"Yes, but didn't report it",Yes,Yes,Yes,Yes,I don't know,,,No,I don't know,Only if custom,Yes,Only if custom,,,,,,,
22/08/2015 17:25:10,No,Yes,Yes,Yes,No,No,No,Yes,Yes,Yes,I don't know,,,No,Yes,No,No,Yes,,,,,,,
22/08/2015 17:32:24,I don't know,Yes,No,No,Yes,"Yes, but didn't report it",Yes,Yes,Yes,Yes,I don't know,,,Yes,Yes,Yes,No,Yes,,,,,,,
22/08/2015 18:26:02,No,Yes,No,Yes,Yes,I don't know,No,Yes,Yes,Yes,I don't know,,,I don't know,Yes,Yes,No,I don't know,,,,,,,
22/08/2015 18:59:31,No,Yes,No,No,No,"Yes, but didn't report it",No,No,No,No,I don't know,,,Yes,No,No,Yes,No,,,,,,,
22/08/2015 20:09:19,Only if custom,Only if custom,Only if custom,Only if custom,Only if custom,"Yes, but didn't report it",Only if custom,Only if custom,Only if custom,Only if custom,Yes,,,Only if custom,Only if custom,Only if custom,Only if custom,Only if custom,,,,,,,
22/08/2015 20:24:57,Yes,I don't know,No,No,I don't know,No,Yes,Yes,Yes,Yes,I don't know,,,I don't know,I don't know,Yes,Yes,Yes,,,,,,,
22/08/2015 21:11:24,Only if custom,Only if custom,Only if custom,Only if custom,Only if custom,"Yes, and reported it",Only if custom,Yes,Yes,Yes,I don't know,,"I think you should remove posts that are just ""Numix and Gnome"", because even tho they take 10 minutes to set up, they get 500 upvotes, compared to a person configing his setup for days, who would get 20 upvotes.",Only if custom,Only if custom,Only if custom,Only if custom,Only if custom,,,,,,,
22/08/2015 21:50:55,Yes,Yes,Only if custom,Yes,Yes,"Yes, but didn't report it",Yes,I don't know,Yes,Yes,No,not open for everyone,,Only if custom,Yes,Yes,Yes,Yes,,,,,,,
22/08/2015 22:46:31,Yes,Yes,Yes,Yes,Yes,No,Yes,Yes,Yes,Yes,I don't know,,,Yes,Yes,Yes,Yes,Yes,,,,,,,
22/08/2015 23:15:14,No,Yes,Only if custom,Only if custom,Yes,"Yes, but didn't report it",I don't know,I don't know,Yes,I don't know,Yes,,,Yes,I don't know,Yes,No,Yes,,,,,,,
23/08/2015 00:22:20,Yes,No,Yes,Yes,Yes,I don't know,No,No,Yes,Yes,Yes,,,No,Yes,No,No,I don't know,,,,,,,
23/08/2015 00:50:38,Only if custom,Only if custom,Only if custom,Only if custom,Only if custom,I don't know,No,Yes,I don't know,No,Yes,,,No,Yes,Yes,No,Yes,,,,,,,
23/08/2015 01:36:20,Only if custom,No,Yes,No,Yes,"Yes, but didn't report it",No,Yes,Yes,Yes,Yes,,,No,Yes,Yes,No,Yes,,,,,,,
23/08/2015 01:57:25,Only if custom,Yes,Yes,Yes,Yes,"Yes, but didn't report it",No,Only if custom,Yes,Yes,I don't know,Can't view the site without an account,,Yes,Yes,Yes,No,Yes,,,,,,,
23/08/2015 03:18:22,Only if custom,Yes,Yes,No,Yes,"Yes, but didn't report it",Only if custom,Yes,Yes,No,Yes,,,Yes,Yes,Yes,No,Yes,,,,,,,
23/08/2015 04:44:51,Yes,No,Yes,Yes,Only if custom,"Yes, but didn't report it",Yes,Only if custom,Yes,Yes,No,Manual approval sounds ridiculous,,Yes,Only if custom,Only if custom,No,Only if custom,,,,,,,
23/08/2015 14:26:58,Yes,Yes,Yes,Yes,Yes,I don't know,Yes,Yes,Yes,Yes,Yes,,,Yes,Yes,Yes,Yes,Yes,,,,,,,