Timestamp,Where should *nix machines be posted?,Should we require a details/specs comment?,Any other comments? (on or off topic)
17/07/2014 20:33:41,In a new subreddit,Yes,
17/07/2014 20:34:27,In /r/unixporn under a new flair type,Yes,
17/07/2014 20:34:32,In /r/unixporn under a new flair type,Yes,don't segment the community! 
17/07/2014 20:36:44,In /r/unixporn under a new flair type,Indifferent,"Please keep it together, I like having all kinds of porn in my favorite Unix subreddit! Thanks bro"
17/07/2014 20:42:10,Indifferent,Yes,"have a weekly thread for *nix machines, i still want this sub to have a main focus of desktop setups."
17/07/2014 20:46:37,Indifferent,Indifferent,"Get rid of all flair, allow all tags, let people post WTF ever.

Pull the corncobs out of your asses.

"
17/07/2014 20:47:22,In /r/unixporn under a new flair type,Indifferent,
17/07/2014 20:47:45,In a new subreddit,Yes,
17/07/2014 20:49:57,In /r/unixporn under a new flair type,Yes,
17/07/2014 20:52:21,In a new subreddit,Yes,
17/07/2014 20:53:51,In /r/unixporn under a new flair type,Indifferent,
17/07/2014 20:54:07,In a new subreddit,Yes,/r/unixmachineporn
17/07/2014 20:57:10,In /r/unixporn under a new flair type,Yes,
17/07/2014 21:09:26,In /r/unixporn under a new flair type,Yes,"I really want to see specs, but I also don't feel like they should be absolutely required. I checked yes anyway.

"
17/07/2014 21:10:07,In /r/unixporn under a new flair type,Yes,
17/07/2014 21:21:08,In /r/unixporn under a new flair type,Indifferent,"the sub is unixporn, not ""screenshots of tiling window managers"""
17/07/2014 21:28:21,In /r/unixporn under a new flair type,No,
17/07/2014 21:43:57,In /r/unixporn under a new flair type,Yes,
17/07/2014 21:49:55,In /r/unixporn under a new flair type,No,r u a gril?
17/07/2014 21:53:23,Indifferent,Indifferent,
17/07/2014 22:05:11,In /r/unixporn under a new flair type,Yes,
17/07/2014 22:07:17,In /r/unixporn under a new flair type,No,
17/07/2014 22:07:38,In /r/unixporn under a new flair type,Yes,multireddit?
17/07/2014 22:11:20,In /r/unixporn under a new flair type,Yes,Give it a test
17/07/2014 22:29:02,In /r/unixporn under a new flair type,No,New subreddit is really bad idea.
17/07/2014 22:46:36,In /r/unixporn under a new flair type,Indifferent,
17/07/2014 23:16:32,In /r/unixporn under a new flair type,Yes,
17/07/2014 23:26:14,In /r/unixporn under a new flair type,Indifferent,
17/07/2014 23:44:46,In a new subreddit,Yes,
17/07/2014 23:47:07,In /r/unixporn under a new flair type,Yes,
17/07/2014 23:54:44,In /r/unixporn under a new flair type,Indifferent,
18/07/2014 00:05:52,In /r/unixporn under a new flair type,Yes,
18/07/2014 00:08:58,In /r/unixporn under a new flair type,Indifferent,
18/07/2014 00:20:06,In /r/unixporn under a new flair type,Indifferent,
18/07/2014 00:30:35,Indifferent,Yes,
18/07/2014 00:36:52,In /r/unixporn under a new flair type,Indifferent,
18/07/2014 00:42:32,In /r/unixporn under a new flair type,Yes,
18/07/2014 00:43:46,In /r/unixporn under a new flair type,No,
18/07/2014 01:01:07,In /r/unixporn under a new flair type,Yes,
18/07/2014 01:02:46,In /r/unixporn under a new flair type,Yes,
18/07/2014 01:42:50,In /r/unixporn under a new flair type,Yes,
18/07/2014 01:50:23,In /r/unixporn under a new flair type,Yes,
18/07/2014 01:52:08,In a new subreddit,Yes,
18/07/2014 02:35:09,In /r/unixporn under a new flair type,No,More moderation != Crazy micromanagement and handholding.
18/07/2014 02:44:43,In /r/unixporn under a new flair type,Indifferent,
18/07/2014 03:31:17,In a new subreddit,Indifferent,
18/07/2014 03:32:59,In a new subreddit,Indifferent,what?
18/07/2014 04:35:57,In /r/unixporn under a new flair type,Yes,
18/07/2014 04:39:13,In /r/unixporn under a new flair type,Indifferent,
18/07/2014 04:42:23,In /r/unixporn under a new flair type,Yes,
18/07/2014 05:20:58,In /r/unixporn under a new flair type,No,"A screenshot is half of the setup. It would be nice to see how the actual hardware is set up? Is the person using a strange/modded keyboard? (Perhaps an old Sun keyboard?) Are peripherals positioned in unconventional ways to maximize efficiency? (Mine are)

Pictures of actual hardware setups would definitely add quite a bit of variety to the subreddit."
18/07/2014 06:34:18,In /r/unixporn under a new flair type,Yes,More Variety is better.
18/07/2014 07:32:12,In /r/unixporn under a new flair type,Yes,
18/07/2014 07:54:51,In /r/unixporn under a new flair type,Indifferent,
18/07/2014 08:20:18,In /r/unixporn under a new flair type,Indifferent,
18/07/2014 08:51:29,In /r/unixporn under a new flair type,Yes,
18/07/2014 09:24:00,In /r/unixporn under a new flair type,Yes,
18/07/2014 09:35:00,In /r/unixporn under a new flair type,Yes,
18/07/2014 10:01:12,In /r/unixporn under a new flair type,Indifferent,
18/07/2014 10:33:34,In /r/unixporn under a new flair type,Yes,
18/07/2014 10:57:32,In /r/unixporn under a new flair type,Yes,
18/07/2014 11:19:15,In /r/unixporn under a new flair type,Indifferent,
18/07/2014 11:46:08,In /r/unixporn under a new flair type,Yes,
18/07/2014 12:03:14,In a new subreddit,Yes,
18/07/2014 12:25:26,In /r/unixporn under a new flair type,Indifferent,
18/07/2014 13:44:50,In a new subreddit,Indifferent,
18/07/2014 14:59:09,In a new subreddit,No,http://www.reddit.com/r/battlestations
18/07/2014 15:32:23,In /r/unixporn under a new flair type,No,
18/07/2014 16:21:54,In /r/unixporn under a new flair type,Indifferent,
18/07/2014 16:49:34,In /r/unixporn under a new flair type,Yes,Posting Boobs should also be allowed.
18/07/2014 17:10:22,In /r/unixporn under a new flair type,Yes,
18/07/2014 17:33:44,In /r/unixporn under a new flair type,Yes,
18/07/2014 18:16:21,In /r/unixporn under a new flair type,Yes,
18/07/2014 20:00:48,Indifferent,Indifferent,
18/07/2014 20:22:49,In /r/unixporn under a new flair type,No,
18/07/2014 20:52:49,In /r/unixporn under a new flair type,Yes,
18/07/2014 22:17:53,In /r/unixporn under a new flair type,Yes,
18/07/2014 22:18:21,In /r/unixporn under a new flair type,Yes,
18/07/2014 22:23:46,In /r/unixporn under a new flair type,Yes,
18/07/2014 22:25:27,In /r/unixporn under a new flair type,No,
18/07/2014 22:29:24,In /r/unixporn under a new flair type,Indifferent,
18/07/2014 22:33:43,In a new subreddit,Yes,
18/07/2014 22:41:35,In /r/unixporn under a new flair type,No,
19/07/2014 00:10:05,In /r/unixporn under a new flair type,No,
19/07/2014 00:44:20,In /r/unixporn under a new flair type,No,
19/07/2014 01:19:24,In /r/unixporn under a new flair type,Yes,
19/07/2014 01:47:20,In /r/unixporn under a new flair type,Indifferent,
19/07/2014 02:06:10,Indifferent,Yes,"Preferably, I think *nix machines should have it's own subreddit and require specs, though I'm not against it being under a new flair type in /r/unixporn if that's what the community decides."
19/07/2014 06:33:11,In /r/unixporn under a new flair type,No,
19/07/2014 08:32:47,In /r/unixporn under a new flair type,Yes,